x,vx,y,vy
-2.402051101398730459e+00,9.977189254250392381e+00,-7.535038820355016709e-01,9.985961310257172485e+00
-1.122460547513012941e+00,9.910953120660263238e+00,-1.118062721731405418e-02,9.949842871526287880e+00
1.580148787916828557e+00,1.009898797053299901e+01,-1.960483176958360829e-02,9.983826339514626724e+00
3.076051869081359857e+00,9.912752378959881483e+00,5.078150059048165410e-01,9.976431193508489059e+00
2.901140038910027918e+00,9.926255421746839502e+00,3.930251677180676584e+00,9.971021672362496702e+00
3.477910728731127499e+00,9.996663337416498152e+00,6.203260428936754778e+00,9.927189222146978409e+00
7.531697766240159631e+00,9.906214088037090804e+00,6.995650010138703578e+00,1.008215824970427121e+01
6.956985855678772701e+00,1.007200085639064646e+01,7.016992666486631336e+00,1.008755575111550407e+01
9.651620183530942754e+00,9.969660381006550054e+00,7.807067647361999541e+00,1.003300856222989346e+01
8.850439556606625402e+00,1.001096445692109960e+01,8.682545468440414638e+00,1.000163838323397059e+01
1.186168874398744144e+01,9.958045094293282773e+00,9.496199470528543074e+00,9.904563909918215003e+00
1.318269548403230829e+01,9.930951024723333020e+00,1.284955468319898664e+01,9.998567229687939317e+00
1.415890978616500995e+01,1.001512902169865882e+01,1.270205851925161156e+01,9.970875302663166906e+00
1.085132634803676055e+01,1.000806710097011276e+01,1.498880878536123262e+01,1.005800182791113606e+01
1.575522363510168589e+01,1.004714633176917715e+01,1.322016604242884696e+01,1.005622156252251642e+01
1.484786262336831442e+01,9.933145299584138499e+00,1.692264656934088407e+01,1.008134517666501395e+01
1.409263904568919656e+01,9.951742956451459676e+00,1.777972235532634926e+01,9.957207277320978989e+00
1.602635809751255991e+01,1.006634262265993840e+01,1.490499272560809807e+01,1.001413948860609082e+01
1.951401810220466615e+01,1.000230930354723569e+01,1.573983577008743495e+01,9.933393385783016782e+00
1.715857714327620087e+01,1.008688740693046526e+01,1.659694206629913182e+01,1.008282964737771081e+01
2.199421858326085655e+01,1.001443044897963830e+01,2.232809194931333252e+01,9.942381086686257419e+00
1.964212137660829782e+01,1.000099510768944455e+01,2.167658120342098016e+01,1.003111390826316196e+01
2.134262727215009647e+01,1.001255364598686093e+01,2.407601408923981623e+01,1.001139703232020040e+01
2.256026779579084973e+01,9.999169951007772283e+00,2.287951577689253568e+01,9.973425823564189940e+00
2.331331896711160923e+01,9.983055747247673750e+00,2.512509822818660155e+01,9.995237383097057560e+00
2.330283837396298097e+01,9.985399346845893476e+00,2.615937610090316312e+01,1.001608862698488345e+01
2.393311722743059633e+01,9.988704308994462266e+00,2.370608688986865076e+01,9.947462754603176194e+00
2.772661599336787575e+01,9.932304264438391428e+00,2.658647793950046179e+01,1.006045600784834981e+01
2.554000786306964699e+01,9.979436778338321545e+00,2.618937388219139706e+01,1.009240850272989931e+01
2.774514733837703773e+01,1.002494699009630885e+01,3.064088996142636034e+01,1.007882802187305948e+01
2.769346415478926104e+01,9.984976468883559164e+00,3.224090797670589836e+01,9.984826616071314831e+00
3.121451723981144966e+01,9.917225121939074128e+00,3.243022413055076925e+01,9.970911631889071813e+00
3.344707739816060865e+01,9.902492461280969493e+00,3.250116811172716780e+01,9.950447172495453074e+00
3.163727139275134803e+01,1.005582125206772126e+01,3.122470512248890628e+01,1.007841847401810753e+01
3.589797797503706533e+01,9.981963935597542914e+00,3.576952166072786810e+01,9.938421473816836382e+00
3.453190643003715365e+01,1.002318750326118568e+01,3.450729743933033689e+01,9.916542688024906127e+00
3.689153484378430647e+01,1.004344675484731653e+01,3.817330149199320033e+01,1.003545008765961732e+01
3.620983809032573220e+01,9.929159233385256300e+00,3.623018206033543009e+01,1.006457886411735991e+01
3.647248436726167853e+01,9.932998147200388317e+00,3.714641381308164370e+01,9.907428060263320901e+00
3.921746571211369314e+01,1.001915178774543946e+01,4.000813801748856946e+01,1.000332356723234817e+01
3.764569416965268545e+01,9.982659597797063356e+00,4.202172357070444519e+01,1.003062171265334790e+01
3.989240136184371721e+01,9.983592670866320518e+00,4.325805662672330953e+01,9.900281965422054853e+00
4.367839671566614612e+01,9.918587596450400667e+00,4.174813705616578829e+01,1.008144731512340719e+01
4.302992850917463841e+01,9.940727684024011523e+00,4.371782208153739191e+01,9.907819777434726305e+00
4.310005916257978953e+01,9.990679572790307716e+00,4.206144593100943752e+01,1.004855808958903118e+01
4.701604872649799916e+01,9.990737428270072940e+00,4.512987568637881708e+01,1.007358212409416964e+01
4.515983376401849370e+01,1.008369541818476200e+01,4.670650372057699684e+01,9.985808536664000812e+00
4.463332959505330422e+01,1.005153800726450619e+01,4.719940683138912618e+01,9.998083811984272984e+00
4.775851202211951119e+01,1.003792295645228627e+01,4.846315600058661488e+01,1.009354736953221554e+01
4.917202373997625386e+01,1.002291851855673777e+01,5.090883321298301922e+01,9.983010997535338049e+00
4.945046309053679323e+01,1.003826770632558762e+01,5.013842267138840469e+01,1.005149044340536157e+01
5.017047785697432261e+01,1.002603393879373783e+01,4.877537260878921899e+01,1.004585248524399610e+01
5.347136781730475263e+01,9.954867664557120577e+00,5.264095138400369223e+01,9.948660502886438550e+00
5.530207392720072335e+01,9.926093027189459406e+00,5.377551465868194924e+01,9.944375038499973840e+00
5.232941619723966653e+01,1.005810213111426066e+01,5.305163438633810813e+01,9.917397111040061830e+00
5.388501256903966663e+01,9.967486553132342664e+00,5.584458317035953456e+01,9.909293636596112620e+00
5.809671224183150429e+01,1.009695668413935365e+01,5.404417432972631730e+01,9.906122215489530092e+00
5.858807180164421879e+01,9.939856930692050341e+00,5.554844732400922425e+01,9.929044839913521159e+00
5.895282466934433074e+01,1.002728320134302464e+01,5.968679896110975847e+01,9.930333112956709840e+00
5.751881670413331449e+01,1.008510093639387506e+01,6.116310966086149392e+01,9.973776399075479304e+00
6.158936411268311417e+01,1.005934639523416863e+01,5.752930956178904864e+01,1.001287934643180755e+01
6.206105780801671301e+01,9.970051150980232535e+00,5.922858868785681352e+01,1.004818558748457136e+01
6.304274476134024496e+01,1.000744856978510278e+01,6.384672319371363614e+01,9.947489252806670734e+00
6.381925244466215474e+01,9.959515943428586482e+00,6.110210896094629618e+01,9.973327377913546954e+00
6.359572716265933678e+01,1.000775979853181497e+01,6.191935637726845698e+01,1.007679174926144405e+01
6.617234967811002377e+01,9.994040854326341261e+00,6.534107241503565433e+01,1.008872960796556661e+01
6.738726944587719458e+01,9.982918818427277685e+00,6.364989258012396789e+01,9.932150401101038639e+00
6.645455563492318163e+01,9.977403676683966438e+00,6.462185749497322718e+01,9.952272331750071643e+00
6.789348789273100238e+01,1.003879903354490111e+01,6.632962451108917890e+01,1.001587258955430748e+01
7.148284688579796864e+01,1.009153559055314453e+01,7.146027307713960397e+01,9.948179326302200920e+00
6.798900147974083552e+01,9.948431253956327325e+00,6.986583034991419083e+01,1.009796500578138456e+01
6.958431916662028982e+01,1.002169074933901172e+01,7.264077905172226224e+01,9.911092765741644328e+00
6.975906925155217664e+01,9.958778346064089959e+00,7.310177521448977700e+01,9.978414882474700320e+00
7.390269697033679108e+01,1.002355981921337147e+01,7.180054197293178220e+01,1.009481678785184400e+01
7.164706080928637277e+01,1.004441516529662337e+01,7.222223597545810492e+01,1.001200768016412468e+01
7.553585343407324615e+01,9.970519239705863512e+00,7.393950045067035148e+01,9.901104962216040306e+00
7.544305646238908025e+01,1.009222863050669616e+01,7.553539638370205012e+01,1.006131312473065975e+01
7.641368276654641534e+01,1.009793086168099663e+01,7.616788517651349366e+01,9.974409037247198739e+00
7.892477427925363997e+01,1.002232727563204762e+01,7.923404005690048280e+01,1.004089857654494899e+01
7.922260053924613032e+01,9.960434413175558888e+00,7.663372480661161035e+01,1.004623449830251758e+01
8.109936877061537075e+01,9.919933498840379116e+00,7.874452349085196090e+01,1.009643318913169630e+01
7.932565375742899505e+01,9.930911112750584024e+00,8.011587133867732291e+01,1.005858991932699098e+01
8.000419369505921452e+01,1.007243328005793970e+01,8.428149914937684173e+01,1.002243744255735614e+01
8.354206054782135027e+01,9.913975339603513959e+00,8.075279898238852638e+01,9.930176113310489328e+00
8.509824536418580010e+01,9.901438151568360269e+00,8.401089295322026373e+01,1.003123870212113644e+01
8.712906305728802181e+01,1.000999795574547946e+01,8.695637497173235886e+01,9.968767948444833493e+00
8.633171078742249449e+01,1.005351627617192456e+01,8.562082740513849899e+01,1.005975056212935215e+01
8.512076663031179180e+01,1.001966325949968883e+01,8.736919356666597025e+01,9.900493570812137989e+00
8.757139457098512025e+01,9.961464959888138182e+00,8.879205357819533617e+01,1.002193315888971092e+01
8.827257649587716060e+01,1.003404970661804896e+01,8.839159864495113084e+01,9.955371469801646001e+00
9.206309982174445850e+01,1.007608273035430280e+01,9.233045772535724893e+01,9.994622950430416708e+00
9.285493122710822433e+01,9.968070379975634054e+00,9.240649626200824684e+01,1.001322907691443120e+01
9.226096531174908932e+01,1.008232230941480623e+01,8.953932731453159022e+01,9.916082143391482973e+00
9.272287212972231885e+01,1.006441366139033633e+01,9.103125087942848381e+01,1.009111963395244338e+01
9.208819272425017743e+01,9.979916513198828554e+00,9.471695837036200771e+01,9.952733544648284081e+00
9.638068096223662451e+01,1.002679425162974525e+01,9.324636612875396224e+01,9.998483681021902214e+00
9.717982686283087901e+01,9.916721094951634896e+00,9.616442142908070423e+01,9.925248442874774923e+00
9.543424209506989087e+01,9.955419499143285833e+00,9.570339493535119857e+01,1.007426454971850838e+01
9.994286959328472619e+01,9.901163716902750878e+00,9.872469769315921440e+01,9.981707721273279432e+00
1.005219332329710085e+02,1.005310877488694032e+01,9.718470216588659127e+01,9.925821780094066682e+00
9.771791517242904490e+01,9.919802846277534059e+00,9.922082339087413061e+01,1.003364169718221710e+01
9.787732501277697850e+01,9.497748024181692728e+00,9.981411588364171905e+01,1.043068213480242790e+01
1.011300015324876114e+02,9.092013335413199115e+00,9.902555979948895981e+01,1.081687216036616128e+01
9.928771425298059228e+01,8.669839707686890051e+00,1.013296385533666779e+02,1.126473327371758160e+01
1.045561082570865068e+02,8.016686963733716809e+00,1.040870914956205979e+02,1.153272048064587096e+01
1.030357511984302619e+02,7.600317878266010574e+00,1.069331588427189530e+02,1.191943223476842206e+01
1.025832140882308607e+02,6.987370476836457733e+00,1.072987439293122662e+02,1.223407954216944304e+01
1.042756672360254129e+02,6.608189501216608974e+00,1.072826003690256300e+02,1.244837573777517115e+01
1.040905441870823864e+02,5.983939112269410110e+00,1.062137796128030374e+02,1.276383295218841596e+01
1.043145790091258789e+02,5.340500152820597535e+00,1.103383442583917571e+02,1.312097453227834620e+01
1.072059018644508086e+02,4.775505503330907509e+00,1.085107040397803360e+02,1.326199176410163716e+01
1.064174848130811455e+02,4.347136284310568755e+00,1.129665158534757694e+02,1.358464137792048909e+01
1.059999489652057747e+02,3.639290811913629575e+00,1.133532537256288748e+02,1.358938770846320843e+01
1.060944497044933996e+02,3.053024394643933714e+00,1.147920449234295717e+02,1.376497440559279717e+01
1.074058197783645170e+02,2.474146704079840831e+00,1.158567176032704253e+02,1.383285535388022502e+01
1.064670886215218388e+02,1.780800042741788936e+00,1.169804980460085915e+02,1.398057122435833399e+01
1.082042043547091623e+02,1.210118669669288272e+00,1.186807066123153049e+02,1.416185183431576000e+01
1.088596476932018504e+02,7.070966729556867891e-01,1.187715925164734045e+02,1.415450091781264241e+01
1.104097030966196371e+02,-9.803169673134315421e-02,1.237581246689274366e+02,1.423474983124920001e+01
1.080973267119793206e+02,-6.951180593967816179e-01,1.241117088822699515e+02,1.409763953116168089e+01
1.056738607624490669e+02,-1.235390428712974220e+00,1.246915974572170711e+02,1.405966409748276646e+01
1.090600790467795775e+02,-1.774889944783655693e+00,1.244435751959353382e+02,1.406423219901465949e+01
1.096041203356135156e+02,-2.470130764186411643e+00,1.267165398975767374e+02,1.392048490203444366e+01
1.050781637378596685e+02,-3.108560760475905127e+00,1.314983982920287531e+02,1.381258363880969320e+01
1.046884187292177728e+02,-3.631121028977573051e+00,1.317372559273925390e+02,1.374800918994693966e+01
1.040924914518992779e+02,-4.155628157841112724e+00,1.330994363625812582e+02,1.343450919561020918e+01
1.036854060706263851e+02,-4.899956478952518957e+00,1.330006734849816610e+02,1.333373816036147907e+01
1.033993730281466412e+02,-5.329911051689263601e+00,1.325560648523525913e+02,1.316155394964212100e+01
1.045889155183056261e+02,-5.966295765874487955e+00,1.361048280791589775e+02,1.278480244807655808e+01
1.035131404030986602e+02,-6.435082153774771996e+00,1.355647640598793373e+02,1.262238025859482704e+01
1.046320383396799087e+02,-6.976321116371245523e+00,1.392246464920584685e+02,1.234670339527002447e+01
1.029094461800536635e+02,-7.592625687019939562e+00,1.393739936496769758e+02,1.196712213844889838e+01
9.945208927803470544e+01,-8.205863393635423719e+00,1.388225200611737478e+02,1.165404405818186184e+01
1.030075821892635872e+02,-8.550669351949265362e+00,1.395533718213693817e+02,1.112883643002039769e+01
9.763073508954762758e+01,-9.011186878420728519e+00,1.412490839791862811e+02,1.083090561546999808e+01
1.011890310586806834e+02,-9.646997431961562341e+00,1.443649062736971018e+02,1.042250350874311060e+01
9.769167888330758842e+01,-1.007290474502693023e+01,1.469803224017846333e+02,9.965555886473296709e+00
9.620990834000937753e+01,-1.049692550061814522e+01,1.471244833113928792e+02,9.607980887571564210e+00
9.416471640513849195e+01,-1.078669920019261497e+01,1.444335941836265818e+02,9.012029443381219806e+00
9.225843875032352059e+01,-1.123613790936382451e+01,1.488944428324665239e+02,8.674510695844137587e+00
9.561084432500787500e+01,-1.162024266028580044e+01,1.468509045209693511e+02,8.023211688489823246e+00
9.156792618335300915e+01,-1.192154818272343597e+01,1.496429936211566769e+02,7.536733266504097806e+00
8.890359984010240169e+01,-1.221837689870415034e+01,1.519149000297581438e+02,7.147944402623211957e+00
8.825385608815111027e+01,-1.254403813448420735e+01,1.520315749487130574e+02,6.622736935299109895e+00
8.935130559343866707e+01,-1.277634554600341055e+01,1.527211887199491116e+02,5.950266053493404428e+00
8.653638023916913369e+01,-1.302361083945519660e+01,1.494822344487743635e+02,5.369879468417680712e+00
8.697476285798876461e+01,-1.332054888871692810e+01,1.497215773079078076e+02,4.898432306948818038e+00
8.423944438894788789e+01,-1.343505058516669415e+01,1.530797466722268041e+02,4.248751801864072419e+00
8.382574655671594144e+01,-1.370267272551264526e+01,1.529518819992737235e+02,3.581449428835103088e+00
8.407809956180030042e+01,-1.389366349931370870e+01,1.507848647370372817e+02,2.996019276266745024e+00
7.939163267363406362e+01,-1.395306450596809178e+01,1.523755481626681387e+02,2.495870583830356093e+00
7.722556484330300464e+01,-1.407459651961892177e+01,1.554174931965598319e+02,1.930884180576448284e+00
7.873627842147746492e+01,-1.407434558522436596e+01,1.521953450850776903e+02,1.215988171821534403e+00
7.735697555153191729e+01,-1.413903465564164819e+01,1.525947053761562699e+02,6.137609169729645320e-01
7.242291413353727592e+01,-1.407632554921157819e+01,1.529696050059392860e+02,-8.281544469405893727e-02
7.476185407146978434e+01,-1.404826010802275604e+01,1.558329455249536011e+02,-6.048560966260574379e-01
7.056574261688022887e+01,-1.414263197387744420e+01,1.543336134804546305e+02,-1.137593520253217916e+00
7.015205727489335175e+01,-1.410137574106546055e+01,1.510570320136183113e+02,-1.780463700977815034e+00
7.021317388221423528e+01,-1.388031575709763032e+01,1.523527936788064778e+02,-2.418886664238355522e+00
6.761701174814851356e+01,-1.372408976678089765e+01,1.537910004918913387e+02,-3.112356726012075026e+00
6.446264438663357055e+01,-1.369527577271177776e+01,1.542770862010943915e+02,-3.678581755175513113e+00
6.417050402867602088e+01,-1.352846294700404250e+01,1.536841478449549072e+02,-4.297830072244646971e+00
6.164565356927493411e+01,-1.336632794005760339e+01,1.514706660833254830e+02,-4.786817058966169824e+00
6.349496338676529916e+01,-1.309637720314560738e+01,1.516343538291947937e+02,-5.380840060367813926e+00
6.218785363644065711e+01,-1.288480248712522425e+01,1.524799442897893584e+02,-5.928272516771074585e+00
5.953781888176892778e+01,-1.248419439104184470e+01,1.480015989101966341e+02,-6.589832571475382927e+00
6.049777991645961350e+01,-1.223806783366017115e+01,1.495230755674932368e+02,-6.976720932331665459e+00
5.553510675516122319e+01,-1.195337259324583279e+01,1.489230954869498191e+02,-7.555193269003497747e+00
5.513678704659950824e+01,-1.150152056545363699e+01,1.451671901157137938e+02,-8.165797512706081562e+00
5.677859594749968153e+01,-1.127200609222905747e+01,1.478558882129347012e+02,-8.564679629651717363e+00
5.218244056614180693e+01,-1.092974300411476563e+01,1.468501925778835187e+02,-9.095073307107922389e+00
5.417585737171346949e+01,-1.037717410783105976e+01,1.428056017224074594e+02,-9.518818775671705978e+00
5.302353137129722427e+01,-9.902096051114702036e+00,1.422041210906781714e+02,-1.009808463200948303e+01
5.203280779395841193e+01,-9.557306867440757969e+00,1.436992696636805249e+02,-1.043652463864289004e+01
5.253199528652553596e+01,-9.092609071031395374e+00,1.432487933366534207e+02,-1.088489804937360894e+01
4.884669417910193800e+01,-8.621295255910473188e+00,1.391108374999891168e+02,-1.120272721690899154e+01
4.968221905535123284e+01,-8.020938601575457128e+00,1.401511168609076776e+02,-1.151758837905515698e+01
4.709200726195305720e+01,-7.573702648998987819e+00,1.386614917229180151e+02,-1.186234033241969499e+01
4.921661886793956597e+01,-7.124354680454604960e+00,1.348056778738823596e+02,-1.229387480952432199e+01
4.430970205270517681e+01,-6.554192332533942178e+00,1.358734916802571604e+02,-1.263816222744643980e+01
4.785629558378503390e+01,-5.931406958505966998e+00,1.353319254925231405e+02,-1.288434259685199734e+01
4.708839497135892316e+01,-5.386761535198326456e+00,1.355779223395394979e+02,-1.304681341725937216e+01
4.723148524817472094e+01,-4.854388351029379045e+00,1.295310539177515921e+02,-1.338096599562661204e+01
4.477763954505567057e+01,-4.336505490007600550e+00,1.313053677088812208e+02,-1.358070569240297942e+01
4.361262342066908104e+01,-3.744027787729559353e+00,1.273647516916062585e+02,-1.359131933245913082e+01
4.163712554529850962e+01,-3.012861628861768004e+00,1.258984702535758515e+02,-1.386851144704470506e+01
4.340453869963426570e+01,-2.505713373667838528e+00,1.254804690527404887e+02,-1.397304830334210379e+01
4.527952562859954355e+01,-1.892283779577145220e+00,1.252273159998401439e+02,-1.403045824799405494e+01
4.347127945738440502e+01,-1.194733569661287076e+00,1.258896012238342621e+02,-1.413095840683102900e+01
4.546846388711108489e+01,-5.402797328467880966e-01,1.216259284532920475e+02,-1.415795060281627471e+01
4.487380627406095357e+01,6.316964454566033685e-03,1.187957685203292186e+02,-1.420053713549306984e+01
4.302642069127356450e+01,6.374062494758230280e-01,1.169664412114449306e+02,-1.405081976331608651e+01
4.215752198664757344e+01,1.180566815335186259e+00,1.154765368856170937e+02,-1.411777892434733772e+01
4.430965661201910422e+01,1.818772189319834309e+00,1.140309864252428582e+02,-1.404003837277201328e+01
4.497012154307851972e+01,2.408849267481665724e+00,1.169548024117821257e+02,-1.397315192251426019e+01
4.425581554802339213e+01,3.145679722703104808e+00,1.127307762149721952e+02,-1.372063572169757606e+01
4.575230070995883125e+01,3.565859102249788304e+00,1.107642220385339016e+02,-1.366003710272504712e+01
4.676392395688837667e+01,4.192909529848782846e+00,1.124960537700457905e+02,-1.348371292319505521e+01
4.347728596071734586e+01,4.888538601603666045e+00,1.092705536267084625e+02,-1.323073287583280155e+01
4.682595521648625692e+01,5.498116090049789406e+00,1.087195183444210187e+02,-1.313727157963629111e+01
4.722082551960312458e+01,5.335223082885392820e+00,1.066738415449227375e+02,-1.314451731491737263e+01
4.600302585528699950e+01,5.987509035085642140e+00,1.056500815620848925e+02,-1.228926660252247594e+01
4.567281767646613844e+01,6.633195471902361362e+00,1.069840100720964529e+02,-1.149465239670923644e+01
4.649022364379949579e+01,7.291792697608063811e+00,1.045816838841777212e+02,-1.063006907179456562e+01
4.938181769061338855e+01,7.809595851437934222e+00,1.062199041790602791e+02,-9.783826537902326592e+00
4.768994776529594759e+01,8.484946525643954018e+00,1.013777829519107598e+02,-9.115970585217068489e+00
4.992798525322443481e+01,9.020933415660680410e+00,1.034061664480328204e+02,-8.182254786430771532e+00
5.317935742485863670e+01,9.583259369033170216e+00,9.978157520274487524e+01,-7.556907706613619879e+00
5.394951583530353645e+01,1.019587174038323241e+01,1.009893776437115775e+02,-6.680340623212961404e+00
5.180250062427649738e+01,1.077268165404861655e+01,9.833493010881264240e+01,-5.771981325768407167e+00
5.271776165345501397e+01,1.131535133091641221e+01,9.902768526280262051e+01,-4.983341721054464379e+00
5.310384596652145461e+01,1.203130996962392274e+01,9.985554640133270254e+01,-4.172115288539105293e+00
5.809491547557932023e+01,1.255052083881754399e+01,9.665400536239678786e+01,-3.388757545818512629e+00
5.815132410561164278e+01,1.311229052648152837e+01,1.001356139262692011e+02,-2.723001744647890465e+00
5.847833843118620933e+01,1.388538435132253035e+01,9.574470486946712811e+01,-1.964943804892559598e+00
5.905565994539620078e+01,1.439426316456039245e+01,9.580298978697878454e+01,-1.066870170364664805e+00
6.352446096445353874e+01,1.507873410697693295e+01,9.725648826299065774e+01,-2.429631062305760980e-01
6.347130327354932433e+01,1.566046529332925985e+01,9.819559976831749282e+01,4.430203132124925225e-01
6.783126648569547967e+01,1.616394537236040563e+01,9.995792976344829128e+01,1.295772816998644439e+00
6.493258861137965710e+01,1.676957424727041257e+01,9.834805868524517791e+01,2.038116612546471362e+00
6.691621037532466687e+01,1.738785675445123147e+01,9.776461799364906824e+01,2.939563831169942354e+00
6.967446638069641551e+01,1.810560216650864263e+01,9.829221755758466372e+01,3.657283566017955678e+00
7.156265629532568084e+01,1.851586036867598040e+01,9.748123674044336440e+01,4.536513991749270502e+00
7.539283718782724009e+01,1.924342171360909504e+01,9.942311123938073081e+01,5.302855571629494058e+00
7.615846731064495145e+01,1.977732558032940346e+01,9.997629597475966534e+01,6.036802085519732408e+00
7.628851701772229887e+01,2.034220446990320497e+01,1.018243962816418673e+02,6.862909022526978653e+00
8.189605653968271781e+01,2.094569995763290393e+01,9.958993814515199006e+01,7.794407037011394479e+00
8.231184301110165791e+01,2.161597414246035243e+01,1.023300012751284527e+02,8.631454706414002587e+00
8.289510660084961557e+01,2.220870882740658203e+01,1.034839178132646396e+02,9.345462161339936458e+00
8.840313983266558751e+01,2.272417750403892356e+01,1.018189956039440744e+02,1.019548760985918712e+01
9.116939740425884509e+01,2.349626718484374166e+01,1.044764282932958537e+02,1.090918087795752989e+01
8.921025207642367150e+01,2.400622889827879902e+01,1.081545156609602998e+02,1.176526136172080506e+01
9.366151898660797315e+01,2.466054933943923544e+01,1.058753529663836588e+02,1.257614688243053358e+01
9.466796098111741742e+01,2.524892645190447382e+01,1.080393327205120642e+02,1.327715473655295142e+01
9.947274102629192782e+01,2.576104220437332160e+01,1.121336552548216332e+02,1.414793499298227530e+01
1.013364017393247565e+02,2.638662260000022641e+01,1.094606949592755143e+02,1.484076995269804122e+01
1.057099053548395062e+02,2.704094037859856670e+01,1.136528407227719981e+02,1.570274087197245549e+01
1.066312605179208504e+02,2.764372761503788922e+01,1.125553340081988267e+02,1.649238273113441622e+01
1.098709103689109270e+02,2.828282784145453022e+01,1.178963919522081198e+02,1.735961177945703326e+01
1.149490291305395715e+02,2.887563834977338217e+01,1.168375867975628637e+02,1.817635830099016658e+01
1.154144277268111551e+02,2.943100716787536797e+01,1.187891442909355817e+02,1.886684070733466356e+01
1.181224408234040766e+02,2.992464471562367478e+01,1.202301466866393440e+02,1.975296531009627188e+01
1.227144130963018966e+02,3.056161213745426508e+01,1.264949888952443615e+02,2.058809368122461336e+01
1.247412975293463973e+02,3.126361783913073822e+01,1.284905626739189017e+02,2.133247127627279482e+01
1.297406855660226483e+02,3.185220741577350267e+01,1.260705976763475320e+02,2.218427533982067956e+01
1.291438020637251043e+02,3.241845404651297002e+01,1.323501975428029027e+02,2.291347974860010694e+01
1.366647263292798868e+02,3.299947710864456241e+01,1.329652620837995585e+02,2.382010697195296700e+01
1.392023160047073986e+02,3.352916732532465005e+01,1.329681266058015296e+02,2.460720751125858996e+01
1.389023780669509165e+02,3.424735656569397690e+01,1.355484517666718318e+02,2.528200706755679406e+01
1.454637382207402823e+02,3.489474617446502691e+01,1.387098913596751970e+02,2.621401780429183859e+01
1.455769638471301164e+02,3.540604467503225550e+01,1.436480814420038996e+02,2.690864845585774034e+01
1.494113160230587027e+02,3.600142921622929038e+01,1.452466903504694926e+02,2.776832756185207884e+01
1.539639942090534817e+02,3.662405976408697228e+01,1.491005998728065833e+02,2.862464536353714450e+01
1.610769912368116366e+02,3.725156231302042187e+01,1.499784019779385744e+02,2.940775895938287121e+01
1.650262264605756570e+02,3.784015869204164062e+01,1.537813631653194193e+02,3.019419253024384275e+01
1.646809080273278312e+02,3.847300284598637887e+01,1.586416466392153382e+02,3.090774846201584936e+01
1.704563265692600851e+02,3.899806787989484747e+01,1.585865959515613213e+02,3.168139760744189459e+01
1.750373125146787174e+02,3.967324370174255677e+01,1.621821152666702233e+02,3.262026003653102890e+01
1.796165690481687705e+02,4.015818332566314552e+01,1.675747964967671066e+02,3.340860302706970231e+01
1.810363380534664941e+02,4.078696217602991680e+01,1.697089978210995014e+02,3.408840672622971368e+01
1.861938599454731218e+02,4.143939460797260210e+01,1.746622848255587996e+02,3.493227189985515224e+01
1.905460549804991217e+02,4.204663385453225999e+01,1.795686340300439383e+02,3.570538820697200322e+01
1.946990295786351908e+02,4.270860961020354551e+01,1.821207473492416682e+02,3.654031461410718151e+01
2.007606355836465184e+02,4.326990547051745750e+01,1.824313697691688958e+02,3.736763951749173174e+01
2.015025402157338021e+02,4.378643135031885691e+01,1.898431287211081440e+02,3.820279122406758177e+01
2.056412275810031076e+02,4.451022694834566096e+01,1.903625157888623676e+02,3.888449132230773131e+01
2.126413399579594170e+02,4.498662539796590210e+01,1.988523377067955664e+02,3.977325045956416005e+01
2.149471011004674210e+02,4.560508431493810377e+01,2.005880208968019076e+02,4.061288283693031076e+01
2.231104189399338509e+02,4.613925025620538634e+01,2.026561236782505659e+02,4.131429939313689204e+01
2.277743516599606437e+02,4.679912229814551949e+01,2.083721612384331365e+02,4.223129900098818013e+01
2.294025662640379721e+02,4.733011950804100110e+01,2.141799267934023021e+02,4.288921600453063121e+01
2.361286616219430812e+02,4.799546678360677987e+01,2.158589386211331487e+02,4.371605660479163191e+01
2.404562369431446314e+02,4.869364985637865573e+01,2.238934312056052249e+02,4.460938733348466201e+01
2.437812510725442223e+02,4.915414186189696011e+01,2.250857615390446256e+02,4.534318036572294375e+01
2.482158632767421409e+02,4.984943003092470803e+01,2.305860833481687848e+02,4.622954355428718287e+01
2.534450503384803994e+02,5.039820111135304614e+01,2.341653220399899737e+02,4.689730601382408537e+01
2.613061242483721003e+02,5.098539490175993194e+01,2.406226171112972168e+02,4.764735459039861354e+01
2.646631298099486571e+02,5.168223718136471234e+01,2.472806618417561424e+02,4.849180624381821758e+01
2.701405134001777242e+02,5.220426712060120877e+01,2.514916500391954628e+02,4.936856603186033965e+01
2.745934092132183650e+02,5.278509816100336849e+01,2.540428267663672841e+02,5.011803905355196775e+01
2.812020096190498180e+02,5.344392018268004563e+01,2.613301683167652527e+02,5.095983074828986759e+01
2.877220876741531015e+02,5.405321806143336971e+01,2.626731270012617188e+02,5.164119576186809724e+01
2.904200495292594724e+02,5.468305452028641866e+01,2.686147709205246201e+02,5.261285080885521381e+01
2.973835307935003129e+02,5.523374204322214354e+01,2.760662004003210086e+02,5.337659594088022175e+01
3.047268957812889880e+02,5.588346555289065520e+01,2.812797920497576456e+02,5.409259720111781178e+01
3.090043853687060960e+02,5.645051292990824976e+01,2.839555129312846589e+02,5.502856401706127798e+01
3.124773653615750959e+02,5.706594149930030824e+01,2.937811129495706837e+02,5.567784997454693041e+01
3.216587092733077498e+02,5.761652690159768042e+01,2.986057272700310250e+02,5.646799183332499439e+01
3.253530796931590316e+02,5.819929376857650993e+01,3.039725961909701937e+02,5.736332508292274923e+01
3.302242737285957332e+02,5.888504938224182439e+01,3.100544616334412922e+02,5.806640846303684356e+01
3.396661928498416501e+02,5.934028411110708134e+01,3.148929452322190059e+02,5.887701480324198400e+01
3.438097909821362350e+02,5.998807984386424152e+01,3.196693045054194044e+02,5.973142091792933428e+01
3.500828546601779863e+02,6.067313953399101223e+01,3.269598912170682752e+02,6.059008289217992171e+01
3.545336987615629027e+02,6.126130621070164750e+01,3.340843632803915852e+02,6.126278813665143730e+01
3.613104279423611160e+02,6.176246261031159435e+01,3.377039500105792627e+02,6.209130259519947970e+01
3.688688641996467368e+02,6.241679052050172061e+01,3.457384049301265350e+02,6.298085917479924944e+01
3.752300966850758073e+02,6.309976906334846802e+01,3.504370064298727243e+02,6.375225206246096832e+01
3.830803464229559268e+02,6.352510860410124138e+01,3.600104403571295961e+02,6.447599178445950940e+01
3.871258466745399573e+02,6.417059671147129052e+01,3.633554959447123451e+02,6.538080903294253687e+01
3.911934734314240245e+02,6.474206718418479056e+01,3.695314048151839188e+02,6.607043971950106709e+01
